{"entities": {"Task": {"short": "Task", "verbose": "Task"}, "Method": {"short": "Method", "verbose": "Method"}, "Material": {"short": "Material", "verbose": "Material"}, "OtherScientificTerm": {"short": "OST", "verbose": "Other Scientific Term"}, "Metric": {"short": "Metric", "verbose": "Metric"}, "Generic": {"short": "Generic", "verbose": "Generic"}}, 
"relations": {"Used-for": {"short": "Used-for", "verbose": "Used-for", "symmetric": false}, "Feature-of": {"short": "Feature-of", "verbose": "Feature-of", "symmetric": false}, "Hyponym-of": {"short": "Hyponym-of", "verbose": "Hyponym-of", "symmetric": false}, "Evaluate-for": {"short": "Evaluate-for", "verbose": "Evaluate-for", "symmetric": false}, "Part-of": {"short": "Part-of", "verbose": "Part-of", "symmetric": false}, "Compare": {"short": "Compare", "verbose": "Compare", "symmetric": true}, "Conjunction": {"short": "Conjunction", "verbose": "Conjunction", "symmetric": true}}}
